{
  "best_global_step": null,
  "best_metric": null,
  "best_model_checkpoint": null,
  "epoch": 2.6153846153846154,
  "eval_steps": 10,
  "global_step": 10,
  "is_hyper_param_search": false,
  "is_local_process_zero": true,
  "is_world_process_zero": true,
  "log_history": [
    {
      "epoch": 1.0,
      "grad_norm": 2.9231717586517334,
      "learning_rate": 0.00018461538461538463,
      "loss": 4.2276,
      "step": 4
    },
    {
      "epoch": 2.0,
      "grad_norm": 2.158473014831543,
      "learning_rate": 0.0001230769230769231,
      "loss": 3.5114,
      "step": 8
    }
  ],
  "logging_steps": 500,
  "max_steps": 15,
  "num_input_tokens_seen": 0,
  "num_train_epochs": 4,
  "save_steps": 5,
  "stateful_callbacks": {
    "TrainerControl": {
      "args": {
        "should_epoch_stop": false,
        "should_evaluate": false,
        "should_log": false,
        "should_save": true,
        "should_training_stop": false
      },
      "attributes": {}
    }
  },
  "total_flos": 28055058038784.0,
  "train_batch_size": 4,
  "trial_name": null,
  "trial_params": null
}
